ID;Station;Lat;Lon;2015_1;2015_2;2015_3;2015_4;2015_5;2015_6;2015_7;2015_8;2015_9;2015_10;2015_11;2015_12;2016_1;2016_2;2016_3;2016_4;2016_5;2016_6;2016_7;2016_8;2016_9;2016_10;2016_11;2016_12;2017_1;2017_2;2017_3;2017_4;2017_5;2017_6;2017_7;2017_8;2017_9;2017_10;2017_11;2017_12
1;71;48,2156;8,9784;2,2;2,9;6,3;9,4;10,9;15,7;16,7;14,5;13,3;11,1;5,6;1,7;0,8;-1,8;4,5;8,1;12,1;15,8;20;18,7;11,5;7,6;6,8;4,3;1,1;2,4;2,8;6,9;11,3;15,2;17,6;17,3;15,6;7,3;3,1;0,4
2;257;48,727;8,2458;4,7;5,6;7,9;11,8;13,6;18,2;19,4;16,9;15,6;13,2;7,3;4,4;3,4;0,9;6,4;10,1;14,1;17,4;21,8;20,6;13,7;9,2;8,6;7,1;3,1;5;5;8,9;13,8;17,3;19,7;19;17,4;9,1;5,3;0,7
3;1214;48,2012;8,1089;3,7;4,7;7,6;10,6;12,7;18;18;15,8;15,1;12,4;7,2;3,3;2,4;0,4;6,2;9,6;13,4;17,1;21,3;20,2;13,3;9,1;7,5;6,7;2,6;4,1;4,3;8,2;12,9;16,4;19;18,6;16,7;9,1;4,8;0,9
4;1468;48,4537;8,4091;2;2,5;6;8,9;10,2;15,5;16,3;13,6;13;10,8;6;0,8;0,2;-1,5;3,9;7,7;11,5;14,9;19,4;18,6;10,7;7,2;6,4;6,1;0,8;1,3;2;6;10,9;14,4;17,2;16,9;15,4;6,9;2,9;1,8
5;2074;48,3751;8,9801;3,4;4,3;6,7;10,3;12,1;16,5;18;15,7;14,2;12;6,3;2,9;2;-0,7;5,3;8,7;13,1;16,6;21;19,9;12,5;8,3;7,5;5,7;2,2;3,6;3,7;7,8;12,5;16,5;18,9;18,2;16,5;7,9;4,1;0,7
6;2638;48,1054;8,7549;1,6;2;5,6;8,3;9,7;15;15,5;13,3;12,7;10,5;6,2;0,3;NA;-1,7;3,6;7,2;11;14,7;19,1;18,3;10,4;6,8;6,4;5,8;0,4;0,8;1,5;5,8;10,3;13,8;16,8;16,6;14,9;6,5;2,6;2,3
7;3268;48,1875;8,9938;1,2;1,8;5,6;8,6;10;15;15,9;13,4;12,5;10,2;5,3;0,5;-0,2;-2;3,7;7,3;11,2;14,9;19,2;18,1;10,6;6,7;6,4;4,9;0,3;1,1;1,7;6;10,5;14,2;16,8;16,6;14,9;6,5;2,3;1,6
8;3362;48,9721;8,8734;3,4;4,3;6,9;11,1;12,9;17,4;19,2;16,5;15,2;12,2;6,9;3,8;2,6;0,6;5,6;9;13,5;17;21,4;20,5;13,2;8,8;7,6;5;2,4;4,5;4,5;8,2;13,2;17,2;19,6;18,6;16,5;8,7;4,4;0,9
9;5562;48,6516;8,6801;2,3;3,1;6,3;10;11,4;16,2;17,6;14,9;13,8;11,2;6,1;2,2;1,2;-1,1;4,6;8,3;12,5;15,9;20,1;19,4;11,8;7,8;6,8;5,4;1,3;2,7;3;7;12;15,7;18,1;17,6;16,1;7,6;3,4;1
10;3925;48,9329;8,6973;4;5,1;7,9;11,6;12,9;17,5;19,1;16,7;15,3;12,6;7;3,5;2,6;0,5;6;9,8;13,9;17,1;21,8;20,7;13,5;8,9;7,9;6,6;2,9;4,3;4,5;8,4;13,2;17,1;19,7;19,1;17,3;8,8;4,8;1,1
11;4160;48,7425;8,924;2,9;3,8;6,9;10,6;11,8;16,3;18,1;15,4;14,3;11,8;6,4;2,5;1,7;-0,5;5,2;8,7;12,7;16,1;20,5;19,8;12,4;8,3;7;5,7;1,7;3,3;3,6;7,6;12,2;16,1;18,6;18;16,3;8;3,7;0,9
12;4177;48,9726;8,3301;4,7;5,6;8,7;12,7;14,3;19,3;20,4;17,8;16,6;13,5;7,8;4,7;3,6;1,5;6,8;10,5;14,8;18,5;23;21,6;14,8;10,3;8,8;6,9;4;5,3;5,7;9,7;14,6;18,3;20,7;20,2;18,2;9,8;5,9;1,9
13;4300;48,1814;8,6356;2,4;2,9;5,3;9,2;11,4;16;17,1;15,1;13,7;11,4;5,9;2,1;1,1;-1,7;4,3;7,8;12,5;16;20,2;19,2;12;8;6,6;4,1;1;2,8;3;7,2;11,7;15,8;18,2;17,6;15,2;7,4;3,1;-0,4
14;5229;48,0453;8,4608;1,2;1,9;5,3;8,8;11;16;16,7;14,6;13,3;10,6;5,3;1,3;0,3;-2,7;4;7,8;12,3;16;19,8;18,6;11,4;7,6;5,7;2,9;0;2;2,6;7;11,4;15,3;18;17,5;14,9;7;2,5;-0,8
15;5664;48,2953;8,2391;3,7;4,4;7,1;10,8;12,9;17,6;18,4;16,1;15;12,3;7,6;4;2,9;0,4;6,1;9,5;13,7;17,3;21,5;20;12,9;9,3;7,5;5,6;2,6;4,7;4,8;8,8;13,3;17;19,3;18,6;16,4;9,1;5,1;0,8
